[{
  "_id": {
    "$oid": "645f9eb50c38087feab22fbc"
  },
  "username": "amir",
  "fullName": "amirmahdi",
  "password": "123",
  "address": "tehran",
  "phoneNum": "09123",
  "email": "gmail",
  "tickets": [
    {
      "date": "10/22",
      "chair": 27,
      "origin": "tehran",
      "des": "yazd",
      "time": "7:10",
      "price": 300,
      "bussCode": "3"
    },
    {
      "date": "10/22",
      "chair": 27,
      "origin": "tehran",
      "des": "yazd",
      "time": "7:10",
      "price": 300,
      "bussCode": "3"
    },
    {
      "date": "10/22",
      "chair": 27,
      "origin": "tehran",
      "des": "yazd",
      "time": "7:10",
      "price": 300,
      "bussCode": "3"
    },
    {
      "date": "10/22",
      "chair": 27,
      "origin": "tehran",
      "des": "yazd",
      "time": "7:10",
      "price": 300,
      "bussCode": "3"
    }
  ]
},{
  "_id": {
    "$oid": "645fc8c30c38087feab22fc0"
  },
  "username": "ali",
  "fullName": "alireza",
  "password": "123",
  "address": "zanjan",
  "phoneNum": "091212",
  "email": "alireza@",
  "tickets": []
},{
  "_id": {
    "$oid": "645fd85d0c38087feab22fc1"
  },
  "username": "mamad",
  "fullName": "Mohammad reza",
  "password": "123",
  "address": "Iran yazd",
  "phoneNum": "1234",
  "email": "mohamad@",
  "tickets": []
}]